name,pref,url,type
ＡＩ－ＴＥＣ株式会社,東京都,,準会員
Alto Software株式会社,東京都,https://alto-software.com/,準会員
anbx株式会社,東京都,https://www.anbx.net/,正会員
AXLBIT株式会社,東京都,https://axlbit.com,正会員
AZPower株式会社,東京都,https://azpower.co.jp,正会員
BBIX株式会社,東京都,https://www.bbix.net/,正会員
BBSakura Networks株式会社,東京都,https://www.bbsakura.net/,正会員
BBソフトサービス株式会社,東京都,https://www.bbss.co.jp,正会員
ＢＣ Ｓｉｇｎｐｏｓｔ株式会社,東京都,,正会員
Casley Deep Innovations株式会社,東京都,https://www.casleydi.com/,正会員
ＣＤＣアクアサービス株式会社,千葉県,,準会員
Co-Evolution株式会社,東京都,https://www.co-evo.jp/,正会員
DATAビジネス株式会社,東京都,https://databusiness.co.jp/,正会員
DELE株式会社,神奈川県,https://dele.gr/,正会員
ＤＮＶビジネス・アシュアランス・ジャパン株式会社,兵庫県,https://www.dnv.jp/ss_and_sus/index.html,正会員
DXYZ株式会社,東京都,https://dxyz.co.jp/,準会員
e-Janネットワークス株式会社,東京都,https://www.e-jan.co.jp/,正会員
ELESTYLE株式会社,東京都,https://elestyle.jp,正会員
EY新日本有限責任監査法人,東京都,https://www.shinnihon.or.jp,正会員
Frich株式会社,東京都,https://frich.co.jp/,正会員
FUJIYAMA  BRIDGE LAB株式会社,静岡県,https://www.fujiyamabl.com/,準会員
FunTre株式会社,東京都,https://funtre.co.jp/,正会員
GRiT Partners 法律事務所,東京都,https://www.gritpartnerslaw.jp,正会員
IISTジャパン株式会社,東京都,https://iist-japan.co.jp/,準会員
INSIDE OUT株式会社,東京都,http://www.insideout-japan.com/,正会員
JAPAN AI株式会社,東京都,https://japan-ai.co.jp/,正会員
JBアドバンスト・テクノロジー株式会社,東京都,https://www.jbat.co.jp/,正会員
KDDIアジャイル開発センター株式会社,東京都,https://kddi-agile.com,正会員
KROW株式会社,東京都,https://krow.co.jp/,正会員
LIJ株式会社,東京都,https://www.los-ij.co.jp/,正会員
LINEヤフー株式会社,東京都,https://www.lycorp.co.jp/,正会員
Lydsec Digital Technology Japan株式会社,東京都,https://www.lydsec.com/ja/,正会員
method bank 株式会社,東京都,https://methodbank.jp/,正会員
MicroWorld株式会社,東京都,https://microworld.co.jp/,正会員
ＭＲＴ株式会社,東京都,http://medrt.co.jp,正会員
mui Lab株式会社,京都府,https://muilab.com,正会員
NewIT株式会社,東京都,https://newit.co.jp,正会員
NJCネットコミュニケーションズ株式会社,東京都,https://www.netcoms.ne.jp/,正会員
NPO地域づくり工房,長野県,http://npo.omachi.org/,正会員
NYKオフィス社会保険労務士法人,大阪府,http://www.nykoffice.net/,正会員
PagerDuty株式会社,東京都,https://www.pagerduty.co.jp/,正会員
ｐａｉｚａ株式会社,東京都,https://www.paiza.co.jp/,正会員
Playflats合同会社,東京都,https://playflats.com/,正会員
Resource株式会社,東京都,https://resource-inc.com/company,準会員
SALES GO株式会社,東京都,https://salesgo.co.jp/,正会員
SB C&S 株式会社,東京都,https://cas.softbank.jp/,正会員
SBテクノロジー株式会社,東京都,https://www.softbanktech.co.jp/,正会員
SCSK株式会社,東京都,https://www.scsk.jp/,正会員
SCデジタル株式会社,東京都,https://www.scdigital.co.jp/,正会員
ServiceNow Japan合同会社,東京都,https://www.servicenow.co.jp/,正会員
Sharin株式会社,東京都,https://sharin.co.jp/,正会員
silvereye株式会社,東京都,https://www.silvereye.jp/,準会員
SOMPOシステムズ株式会社,東京都,http://www.sompo-sys.com,正会員
STAR SE株式会社,東京都,http://www.star-se.co.jp/,正会員
STAR TECH 株式会社,東京都,https://www.startech.co.jp/,準会員
STORES 株式会社,東京都,https://www.st.inc/,正会員
T-Link株式会社,兵庫県,https://t-linkcompany.com/,正会員
TAC株式会社,東京都,https://www.tac-school.co.jp/,正会員
TISCOINF株式会社,兵庫県,https://www.tiscoinf.co.jp/,正会員
tripla株式会社,東京都,https://corp.tripla.jp,正会員
Verticurl Japan合同会社,東京都,https://www.verticurl.co.jp/,正会員
vonxai合同会社,東京都,https://www.vonxai.co.jp/,準会員
WIBU-SYSTEMS株式会社,神奈川県,https://www.wibu.jp,正会員
アイ・システム株式会社,東京都,https://www.i-system.co.jp/,正会員
アイ・ムーヴ株式会社,沖縄県,https://www.i-move.co.jp/,正会員
アイティマークス株式会社,神奈川県,http://www.itmarks.co.jp/,正会員
アイビーシー株式会社,東京都,http://www.ibc21.co.jp/,正会員
アカマツ株式会社,愛媛県,https://www.akamatsu.co.jp,正会員
アクセルユニバース株式会社,東京都,https://www.acceluniverse.com,正会員
アコハースグループ株式会社,福岡県,https://accohearth-g.co.jp/,正会員
アタラキシアDX株式会社,大阪府,https://ataraxiadx.com/,準会員
アップデータ株式会社,東京都,https://www.updata.co.jp/,正会員
アップデートテクノロジー株式会社,東京都,http://www.updatecorp.co.jp/,正会員
アテイン株式会社,東京都,https://www.attainj.co.jp/,正会員
アマゾン ウェブ サービス ジャパン合同会社,東京都,https://aws.amazon.com/jp/,正会員
アルファテック・ソリューションズ株式会社,東京都,https://www.alphatec-sol.co.jp/,正会員
アンカーテクノロジーズ株式会社,東京都,https://anchor-u.com/,正会員
アンリミ株式会社,東京都,https://www.unlimit-ed.co.jp/,正会員
イースト株式会社,東京都,https://www.est.co.jp/,正会員
イーズ合同会社,東京都,https://easecom.co.jp,正会員
イーテクノロジー株式会社,東京都,https://www.japan.linkstec.co.jp/,正会員
イーブイ愛知株式会社,愛知県,http://www.ev-aichi.jp/,正会員
イナゾウ株式会社,東京都,https://inazou.jp/,正会員
イノベークス株式会社,東京都,http://www.innovacess.com/,正会員
インヴェンティット株式会社,東京都,https://www.yourinventit.com/,正会員
インターバルリンク株式会社,東京都,,正会員
インフォグリーン株式会社,東京都,http://www.info-green.jp,正会員
ウィッツェルIP株式会社,東京都,http://www.witswell.co.jp/,正会員
ウイングアーク１ｓｔ株式会社,東京都,https://www.wingarc.com/,正会員
エイチスリーパートナーズ有限会社,東京都,https://www.ossplaza.com/,正会員
エクスペリオンインドコスモテクノロジース株式会社,東京都,https://www.experion-indocosmo.co.jp,正会員
エス・エー・エス株式会社,東京都,https://sas-com.com,正会員
エスアールエム　テクノロジーズ　プライベート　リミテッド,東京都,https://japan.srmtech.com,正会員
エスコ・ジャパン株式会社,東京都,https://www.escco.co.jp/,正会員
エフアンドエムネット株式会社,大阪府,https://www.fandmnet.com/,正会員
エプソン販売株式会社,東京都,https://www.epson.jp/,正会員
エブリセンスジャパン株式会社,東京都,https://every-sense.com/,正会員
エンカレッジ・テクノロジ株式会社,東京都,http://www.et-x.jp/,正会員
エンバカデロ・テクノロジーズ合同会社,東京都,https://www.embarcadero.com/jp,正会員
オールウィンシステム株式会社,東京都,https://allwinsys.co.jp/,正会員
オデッセイヒューマンシステム株式会社,東京都,http://www.ohs-ndd.co.jp/,正会員
オレンジセキュアサービス株式会社,埼玉県,http://orange-ss.com/,正会員
ギグワークスクロスアイティ株式会社,東京都,https://gigxit.co.jp,正会員
キャップクラウド株式会社,東京都,https://capcloud.co.jp,正会員
キヤノン電子テクノロジー株式会社,東京都,https://www.canon-electec.co.jp/,正会員
キャピタル・パートナーズ証券株式会社,東京都,http://www.capital.co.jp/,一般賛助会員
キャロウェイゴルフ株式会社,東京都,https://www.callawaygolf.jp/,正会員
キンドリルジャパン株式会社,東京都,https://www.kyndryl.com/jp/ja,正会員
グーグル・クラウド・ジャパン合同会社,東京都,https://cloud.google.com/?hl=ja,正会員
クウジット株式会社,東京都,https://www.koozyt.com/,準会員
クオーク株式会社,東京都,https://quarq.co.jp/,正会員
クオリティソフト株式会社,和歌山県,https://www.qualitysoft.com/,正会員
クラウドエース株式会社,東京都,https://cloud-ace.jp/,正会員
グラビス・アーキテクツ株式会社,東京都,https://www.glavisarchitects.com/,正会員
クリューグル株式会社,東京都,https://krugle.co.jp/,正会員
グローバルフレンドシップ株式会社,東京都,http://www.gfi.co.jp,正会員
クロノス株式会社,東京都,https://www.xronos-inc.co.jp/index.html,正会員
クワンタム・テクノロジー株式会社,東京都,http://www.quantech.co.jp/,正会員
ゲヒルン株式会社,東京都,https://www.gehirn.co.jp/,正会員
コガソフトウェア株式会社,東京都,https://www.kogasoftware.com/,正会員
コグニビジョン株式会社,東京都,https://www.cognivision.jp/,正会員
コナミグループ株式会社,東京都,https://www.konami.com/,正会員
コネクトフリー株式会社,京都府,https://connectfree.co.jp,正会員
コムチュア株式会社,東京都,https://www.comture.com/,正会員
コンピュータ・テクノロジー株式会社,東京都,http://www.ctc-jp.com/,正会員
サイエンスパーク株式会社,神奈川県,https://sciencepark.co.jp/,正会員
サイオステクノロジー株式会社,東京都,https://sios.jp/,正会員
サイバートラスト株式会社,東京都,https://www.cybertrust.co.jp/,正会員
サイボウズ株式会社,東京都,https://cybozu.co.jp/,正会員
さくらインターネット株式会社,大阪府,https://www.sakura.ad.jp/,正会員
サツドラホールディングス株式会社,北海道,https://satudora-hd.co.jp/,正会員
サティス株式会社,東京都,https://satisjp.com,正会員
サビテックジャパン株式会社,東京都,sabitech.co.jp,正会員
サンワサプライ株式会社,岡山県,http://www.sanwa.co.jp/,正会員
シェアクレスト株式会社,東京都,http://sharecrest.com/,正会員
ジェネシス株式会社,神奈川県,https://www.genesys.gr.jp/,正会員
ジオテクノロジーズ株式会社,東京都,https://geot.jp,正会員
シグマソフトサービス株式会社,東京都,https://www.sigmasoft.co.jp/,正会員
システムアソシエイト株式会社,東京都,http://www.asso48.co.jp,正会員
システムズ・デザイン株式会社,東京都,https://www.sdcj.co.jp,正会員
システムロード株式会社,東京都,http://www.road.co.jp/,正会員
ジョーシス株式会社,東京都,https://jp.corp.josys.com/,正会員
シンプレクス株式会社,東京都,https://www.simplex.inc/,正会員
スイフトテクノロジー株式会社,東京都,https://www.swift-tech.co.jp/,準会員
スキャネット株式会社,東京都,https://www.scanet.jp/,正会員
スターティアレイズ株式会社,東京都,https://www.startiaraise.co.jp/,正会員
ストーンビートセキュリティ株式会社,東京都,https://www.stonebeat.co.jp/,正会員
スパイクシステムズ株式会社,東京都,https://www.spikes.co.jp,正会員
セイ・テクノロジーズ株式会社,東京都,https://www.say-tech.co.jp/,正会員
ゼッタテクノロジー株式会社,東京都,http://www.zetta.co.jp/,正会員
センターフィールド株式会社,大阪府,https://centerfield.co.jp/,正会員
ソーバル株式会社,東京都,https://www.sobal.co.jp/,正会員
ゾイックス株式会社,東京都,https://www.zoiccs.co.jp/,正会員
ソフトイーサ株式会社,茨城県,https://www.softether.co.jp/,正会員
ソフトバンク株式会社,東京都,https://www.softbank.jp/corp/aboutus/,正会員
ソフトヒューベリオン株式会社,東京都,https://soft-hyperion.com/,正会員
ソリマチ株式会社,東京都,https://www.sorimachi.co.jp/,正会員
ダイワボウ情報システム株式会社,大阪府,https://www.pc-daiwabo.co.jp/,正会員
ダックス株式会社,鳥取県,https://duksholdings.co.jp/,正会員
データ・タング株式会社,東京都,https://www.datatang.co.jp/,正会員
デザインファースト株式会社,東京都,https://designfirst.co.jp/,正会員
デジタルみらい株式会社,大阪府,https://www.digitalmirai.co.jp,正会員
トーワシステムサポート株式会社,東京都,http://www.towas.co.jp/,正会員
トレーダム株式会社,東京都,https://www.tradom.jp/company,正会員
トレンドマイクロ株式会社,東京都,https://www.trendmicro.co.jp/,正会員
ナッジヘルステック株式会社,東京都,https://nudge-ht.jp/,準会員
ニッセイ情報テクノロジー株式会社,東京都,https://www.nissay-it.co.jp/,正会員
ニュートラル株式会社,愛知県,https://www.neut.co.jp/,正会員
ニューマネジメントシステム株式会社,東京都,https://www.nmsc.co.jp/,正会員
ネクストウェア株式会社,大阪府,https://www.nextware.co.jp/,正会員
ネットギアジャパン合同会社,東京都,https://www.netgear.com/jp/,正会員
ネットレコーダー・ソリューションズ株式会社,東京都,http://www.netrecorder.jp/,正会員
パートナーサクセス株式会社,東京都,https://partnersuccess.jp/,正会員
パイオネット・ソフト株式会社,東京都,https://pionet.co.jp/,正会員
ハイネスソリューションズ株式会社,東京都,http://www.kj-hns.com,正会員
ピー・シー・エー株式会社,東京都,https://pca.jp/,正会員
ピーシーアシスト株式会社,京都府,http://www.winschool.jp/,試験会場会員
ビズウィングス・ジャパン株式会社,東京都,https://www.bizwings.co/,正会員
ピナクル株式会社,東京都,https://www.pinnacle.co.jp,正会員
ひばりネットシステム株式会社,東京都,http://www.hibarinet.co.jp/,正会員
ヒューマンアカデミー株式会社,東京都,http://haa.athuman.com/,試験会場会員
ファイルフォース株式会社,東京都,https://www.fileforce.jp,正会員
ファインディ株式会社,東京都,https://findy.co.jp/,正会員
フィデル・テクノロジーズ株式会社,東京都,https://fideltech.jp/,正会員
フェアシステム株式会社,東京都,https://www.fairsystem.co.jp/,正会員
フェリタス社会保険労務士法人,神奈川県,https://www.ishikawa-sk.com/,正会員
フォーエム株式会社,東京都,https://web.fourm.co.jp/,正会員
フォースバレー・コンシェルジュ株式会社,東京都,https://www.4th-valley.com/,正会員
フォルテックス株式会社,神奈川県,https://www.fortex-inc.co.jp,正会員
ブライシス株式会社,東京都,http://www.brisys.co.jp/,正会員
プライマリー・アシスト株式会社,東京都,http://primary-assist.co.jp/,正会員
プラナスソリューションズ株式会社,東京都,https://www.prunus-sol.co.jp/,正会員
プラネットワークス株式会社,東京都,https://planetworks.co.jp/,準会員
フリービット株式会社,東京都,http://www.freebit.com/,正会員
ブルーテック株式会社,東京都,https://bluetec.co.jp,正会員
フルスタック株式会社,東京都,https://full-stack.co.jp,正会員
フルタニ産業株式会社,大阪府,https://www.furutani-sangyou.co.jp/,正会員
フルライン株式会社,東京都,https://www.full-line.co.jp/,正会員
ブレークモア法律事務所,東京都,http://www.blakemore.gr.jp,正会員
ベース株式会社,東京都,http://www.basenet.co.jp/,正会員
ベクターワークスジャパン株式会社,東京都,https://www.vectorworks.co.jp/,正会員
ベトリンクソリューションズ株式会社,東京都,https://vietlink.jp/,正会員
ベリタステクノロジーズ合同会社,東京都,https://www.veritas.com/ja/jp/company/corporate-profile,正会員
ポスタス株式会社,東京都,https://www.postas.co.jp/,正会員
マーキュリーHD株式会社,愛知県,,正会員
マイプラス株式会社,東京都,https://www.my-plus.co.jp/,正会員
マルワソフト株式会社,東京都,https://www.maruwasoft.co.jp/,正会員
ミミワークス株式会社,東京都,http://mimiworks.jp/,正会員
モバイルコンピューティング推進コンソーシアム,東京都,http://www.mcpc-jp.org/,一般賛助会員
モビルス株式会社,東京都,https://mobilus.co.jp,正会員
ユーザックシステム株式会社,大阪府,https://www.usknet.com/,正会員
ユニインフォーメーション株式会社,東京都,https://www.uni-info.co.jp/,正会員
ラクラス株式会社,東京都,http://www.lacras.co.jp/,正会員
ラシックマーケティング株式会社,東京都,https://rashic.co.jp/,正会員
リアルネットワークス株式会社,東京都,https://safr.com/ja/home/,正会員
リコーITソリューションズ株式会社,神奈川県,http://www.jrits.co.jp,正会員
リコージャパン株式会社,東京都,https://www.ricoh.co.jp/,正会員
リデン株式会社,東京都,https://www.reden.co.jp,正会員
リバティ・フィッシュ株式会社,大阪府,https://www.libertyfish.co.jp,正会員
ルークコンサルタンツ株式会社,東京都,,正会員
レヴィアス株式会社,東京都,https://levias.co.jp/,正会員
レッドアークラボラトリーズ合同会社,大阪府,https://corp.rals.space,準会員
レバテック株式会社,東京都,https://levtech.jp/company/,正会員
ログオーシャン株式会社,東京都,http://www.locn.co.jp,正会員
ロジテックINAソリューションズ株式会社,長野県,https://www.logitec.co.jp/,正会員
ロック・ストアー・ハウス株式会社,東京都,https://www.r-sh.co.jp/,正会員
ワークデザイン福田合同会社,東京都,,準会員
ワンビ株式会社,東京都,http://www.onebe.co.jp/,正会員
一般社団法人CRM協議会,東京都,http://www.crma-j.org/,一般賛助会員
一般社団法人e-Learning Initiative Japan,東京都,http://www.elearningawards.jp/,一般賛助会員
一般社団法人iCD協会,東京都,https://www.icda.or.jp/,一般賛助会員
一般社団法人ITキャリア推進協会,東京都,https://www.it-career.or.jp/,一般賛助会員
一般社団法人ＩＴ検証産業協会,東京都,https://www.ivia.or.jp/,一般賛助会員
一般社団法人IT資産管理評価認定協会,東京都,https://www.samac.or.jp/,一般賛助会員
一般社団法人Ｒｕｂｙビジネス推進協議会,大阪府,https://www.ruby-b.com/,一般賛助会員
一般社団法人XBRL Japan,東京都,http://www.xbrl.or.jp/,一般賛助会員
一般社団法人コンピュータソフトウェア倫理機構,東京都,http://www.sofurin.org/,一般賛助会員
一般社団法人コンピュータソフトウェア著作権協会,東京都,http://www2.accsjp.or.jp,一般賛助会員
一般社団法人データビリティコンソーシアム,大阪府,https://cds.or.jp/,一般賛助会員
一般社団法人テレコムサービス協会,東京都,http://www.telesa.or.jp/,一般賛助会員
一般社団法人全国地域情報産業団体連合会,京都府,http://www.ania.jp/,一般賛助会員
一般社団法人北海道ＩＴ推進協会,北海道,https://www.hicta.or.jp/,一般賛助会員
一般社団法人北海道情報システム産業協会,北海道,http://www.hisa.gr.jp/,一般賛助会員
一般社団法人情報サービス産業協会,東京都,https://www.jisa.or.jp/,一般賛助会員
一般社団法人情報通信ネットワーク産業協会,東京都,http://www.ciaj.or.jp/,一般賛助会員
一般社団法人日本ＩＴＡＤ協会,東京都,http://itad.or.jp,一般賛助会員
一般社団法人日本クラウド産業協会,東京都,https://www.aspicjapan.org/index.html,一般賛助会員
一般社団法人日本コンピュータシステム販売店協会,東京都,https://www.jcssa.or.jp,一般賛助会員
一般社団法人日本ディープラーニング協会,東京都,https://www.jdla.org/,一般賛助会員
一般社団法人日本テレワーク協会,東京都,https://japan-telework.or.jp/,一般賛助会員
一般社団法人日本ピルビスワーク協会,東京都,https://pelviswork.com/,正会員
一般社団法人日本中小企業スマートビジネス推進協会,東京都,https://smartbiz.or.jp/,一般賛助会員
一般社団法人日本情報システム・ユーザー協会,東京都,https://juas.or.jp/,一般賛助会員
一般社団法人日本農業情報システム協会,東京都,https://jaisa.org/,一般賛助会員
一般社団法人東京都情報産業協会,東京都,https://iit.or.jp/,一般賛助会員
一般社団法人神奈川県情報サービス産業協会,神奈川県,https://www.kia.or.jp,一般賛助会員
一般社団法人科学技術と経済の会,東京都,http://www.jates.or.jp,一般賛助会員
一般社団法人組込みシステム技術協会,東京都,https://www.jasa.or.jp/,一般賛助会員
一般社団法人道路・舗装技術研究協会,東京都,http://parowaytec.jp/,正会員
一般社団法人重要生活機器連携セキュリティ協議会,東京都,http://www.ccds.or.jp,一般賛助会員
一般財団法人インターネット協会,東京都,http://www.iajapan.org/,一般賛助会員
一般財団法人ソフトウェア情報センター,東京都,http://www.softic.or.jp/,一般賛助会員
一般財団法人ニューメディア開発協会,東京都,https://www2.nmda.or.jp/,一般賛助会員
一般財団法人日本パソコンスクール協会,栃木県,https://jpsa.or.jp/,一般賛助会員
一般財団法人日本生涯学習総合研究所,東京都,https://www.shogai-soken.or.jp/,準会員
一般財団法人沖縄ITイノベーション戦略センター,沖縄県,https://isc-okinawa.org/,一般賛助会員
一般財団法人関西情報センター,大阪府,http://www.kiis.or.jp,一般賛助会員
三和コムテック株式会社,東京都,https://www.sct.co.jp/,正会員
三菱ＵＦＪ信託銀行株式会社,東京都,https://www.tr.mufg.jp/,一般賛助会員
中小企業福祉事業団,東京都,https://www.chukidan.jp/,正会員
中本総合法律事務所,大阪府,http://www.nakamotopartners.com/,正会員
京葉システム株式会社,千葉県,https://www.keiyo-system.co.jp/,正会員
佐賀県,佐賀県,https://www.pref.saga.lg.jp/,行政会員
佐賀県　武雄市,佐賀県,http://www.city.takeo.lg.jp/,行政会員
全国ソフトウェア協同組合連合会,東京都,http://www.jaspanet.or.jp,一般賛助会員
全国商工会連合会,東京都,https://www.shokokai.or.jp/,一般賛助会員
公益社団法人企業情報化協会,東京都,https://www.jiit.or.jp/,一般賛助会員
公益社団法人千葉県情報サービス産業協会,千葉県,http://www.chisa.gr.jp/,一般賛助会員
公益社団法人埼玉県情報サービス産業協会,埼玉県,http://www.sisia.or.jp/,一般賛助会員
公益財団法人しまね産業振興財団,島根県,https://www.joho-shimane.or.jp/,一般賛助会員
公立大学法人大阪 大阪公立大学工業高等専門学校,大阪府,https://www.ct.omu.ac.jp/,一般賛助会員
六元素情報システム株式会社,神奈川県,http://www.rgsis.com/,正会員
兼松エレクトロニクス株式会社,東京都,https://www.kel.co.jp/,正会員
創研情報株式会社,東京都,https://www.souken.co.jp/,正会員
勤次郎株式会社,愛知県,https://www.kinjiro-e.com/,正会員
北海道　函館市,北海道,http://www.city.hakodate.hokkaido.jp/,行政会員
北海道　北見市,北海道,http://www.city.kitami.lg.jp/,行政会員
北港情報サービス株式会社,大阪府,http://www.hokkohj.co.jp/,正会員
協立情報通信株式会社,東京都,https://www.kccnet.co.jp/,正会員
合同会社ZONER,大阪府,https://www.zoner.com/jp,準会員
合同会社アグリハート,埼玉県,http://www.agreha.net/,正会員
合同会社ジザイ,千葉県,,準会員
名誉教授ドットコム株式会社,宮城県,http://www.pedc.tohoku.org/,正会員
和歌山県,和歌山県,https://ritti.pref.wakayama.jp/ict/,行政会員
学校法人大原学園,東京都,https://www.o-hara.ac.jp/,一般賛助会員
学校法人大阪夕陽丘学園,大阪府,https://www.oyg.ac.jp/,一般賛助会員
学校法人新潟総合学院開志専門職大学,新潟県,https://kaishi-pu.ac.jp/,一般賛助会員
学校法人日本教育財団（東京国際工科専門職大学）,東京都,https://www.nkz.ac.jp/,一般賛助会員
学校法人滋慶学園 東京情報デザイン専門職大学,東京都,https://www.tid.ac.jp/,一般賛助会員
学校法人立志舎,東京都,https://www.all-japan.ac.jp/,一般賛助会員
宮崎県　都城市,宮崎県,https://www.city.miyakonojo.miyazaki.jp/,行政会員
富士通コミュニケーションサービス株式会社,神奈川県,http://www.fujitsu.com/jp/group/csl/,正会員
富士通株式会社,神奈川県,https://www.fujitsu.com/jp/,特別賛助会員
岐阜県　恵那市,岐阜県,https://www.city.ena.lg.jp/,行政会員
岡山県　岡山市,岡山県,https://www.city.okayama.jp/,行政会員
工業会日本万引防止システム協会,東京都,https://www.jeas.gr.jp/,一般賛助会員
平川社会保険労務士事務所,千葉県,https://hirakawa-sr.jp/,正会員
広島県　広島市,広島県,https://www.city.hiroshima.lg.jp,行政会員
弁護士ドットコム株式会社,東京都,https://www.bengo4.com/corporate/,正会員
弥生株式会社,東京都,https://www.yayoi-kk.co.jp/,正会員
彩葉ソリューションズ,東京都,,正会員
徳栄コーポレーション株式会社,埼玉県,tokueicorp.co.jp,正会員
応研株式会社,福岡県,http://www.ohken.co.jp/,正会員
情報技術開発株式会社,東京都,http://www.tdi.co.jp/,正会員
新潟県　新潟市,新潟県,https://www.city.niigata.lg.jp/,行政会員
日昌電気制御株式会社,大阪府,https://realfocus.nisshodenkiseigyo.com/?referral=CM2310,準会員
日本ITソフトウェア企業年金基金,東京都,https://www.its-kikin.or.jp/,一般賛助会員
日本キスコ株式会社,東京都,http://www.kissco.co.jp,正会員
日本システム開発株式会社,東京都,https://www.nsk.co.jp/,正会員
日本システム開発株式会社,愛知県,https://www.nskint.co.jp/,正会員
日本スーパーマップ株式会社,東京都,https://supermap.jp/,正会員
日本ティーマックスソフト株式会社,東京都,https://www.tmaxsoft.co.jp/,正会員
日本デジタルデザイン株式会社,東京都,http://www.ndd-net.co.jp/,正会員
日本ナレッジ株式会社,東京都,http://www.know-net.co.jp/,正会員
日本ビズアップ株式会社,東京都,https://www.bizup.co.jp/,正会員
日本マイクロソフト株式会社,東京都,https://www.microsoft.com/ja-jp,正会員
日本事務器株式会社,東京都,https://www.njc.co.jp/,正会員
日本通信エレクトロニック株式会社,東京都,http://www.jacom.com/,正会員
日本電気株式会社,東京都,https://jpn.nec.com/,特別賛助会員
日研システム株式会社,東京都,http://www.nikkensystem.co.jp/index.do,正会員
日興ソフトウェア株式会社,東京都,http://www.nikkou-soft.co.jp/,正会員
有限会社アールスリーインスティテュート,大阪府,https://www.r3it.com/,正会員
有限会社ジェイズシステムズ,滋賀県,http://www.js-systems.co.jp,正会員
有限会社デジタルパイプライン,東京都,https://www.digitalpipeline.jp/,正会員
有限会社ネットアイ,埼玉県,http://www.net-i.jp,準会員
東京システムハウス株式会社,東京都,https://www.tsh-world.co.jp/,正会員
東京ソフトウエア株式会社,東京都,http://www.tokyosoft.co.jp/,正会員
東京新峰科技株式会社,東京都,http://www.newtop-j.com,正会員
東洋システム開発株式会社,東京都,https://www.tsknet.co.jp/,正会員
東海ビジネスサービス株式会社,東京都,http://www.tokai-bs.co.jp/,正会員
東群トラック株式会社,群馬県,https://www.tougun-truck.co.jp/,準会員
東芝エネルギーシステムズ株式会社,神奈川県,https://www.global.toshiba/jp/company/energy.html,正会員
株式会社 Siba Service,兵庫県,https://www.siba-service.jp,正会員
株式会社 Trust Force,東京都,,準会員
株式会社400F,東京都,https://400f.jp/,正会員
株式会社ai-Health,東京都,http://ai-health.co.jp/,正会員
株式会社AMBC,東京都,http://www.ambc.jp/,正会員
株式会社ASネットワークセキュリティ,千葉県,http://www.asns.jp/,正会員
株式会社ATJC,東京都,https://atjc-it.jp/,正会員
株式会社AWESOME SE,東京都,https://www.awesomese.co.jp/,準会員
株式会社b-ex,東京都,https://www.b-ex.inc/,正会員
株式会社batton,東京都,https://batton.co.jp,正会員
株式会社BCN,東京都,https://www.bcn.co.jp,一般賛助会員
株式会社BluePort,東京都,https://blue-port.co.jp/,正会員
株式会社Ｃ６０,東京都,https://php.c60.co.jp,準会員
株式会社CINCA,東京都,https://cinca.tokyo/,準会員
株式会社Citadel AI,東京都,https://www.citadel.co.jp/,準会員
株式会社CoDigital,東京都,https://codigital.co.jp/,準会員
株式会社COEL,愛知県,https://coel-inc.jp/,正会員
株式会社comeco,千葉県,https://comeco1.com/,正会員
株式会社Conoris Technologies,東京都,https://www.conoris.jp/,正会員
株式会社Crisp Code,大阪府,https://crispcode.co.jp,正会員
株式会社Cyberデジタル,大阪府,http://www.cyber-digital.jp/index.html,正会員
株式会社DeltaX,東京都,https://delta-x.co.jp/,準会員
株式会社ＤＮＡ ＦＡＣＴＯＲ,福岡県,https://dna-factor.com/,準会員
株式会社DNPハイパーテック,京都府,https://www.hypertech.co.jp/,正会員
株式会社DUMSCO,東京都,https://dumsco.com/,正会員
株式会社DYM,東京都,https://dym.asia,正会員
株式会社eMoBi,東京都,https://www.emobi.co.jp/,正会員
株式会社F&Lソリューション,東京都,https://fl-sol.com/,正会員
株式会社FM. Bee,大阪府,http://www.fmbee.com/,正会員
株式会社FoxitJapan,東京都,http://www.foxit.co.jp,正会員
株式会社G-gen,東京都,https://www.g-gen.co.jp/,正会員
株式会社Globable,東京都,https://globable.jp/,正会員
株式会社GO TO MARKET,東京都,https://utilly.jp/company/,準会員
株式会社H&Eテクノロジー,東京都,https://hri-global.co.jp/,正会員
株式会社Hammy's,北海道,https://hammys.co.jp/,準会員
株式会社Ｈａｒｎｅｓｓ　ＬＬＰ,東京都,http://www.harness.bz/,正会員
株式会社HICサービス,東京都,http://www.hicservice.co.jp/,正会員
株式会社HRBrain,東京都,https://www.hrbrain.jp/,正会員
株式会社HRリンク,東京都,https://hrlink.jp/,準会員
株式会社IFA　Leading,東京都,https://ifa-leading.com/,正会員
株式会社Information Plus-T,大阪府,https://ipt.jp/,正会員
株式会社Insight Edge,東京都,https://insightedge.jp/,正会員
株式会社InsightX,東京都,https://insightx.tech/,正会員
株式会社jig.jp,福井県,https://www.jig.jp/,正会員
株式会社K-BIT,大阪府,https://www.kbit.co.jp/,正会員
株式会社Kdan Japan,東京都,https://www.kdanmobile.com/,正会員
株式会社KITOHA,東京都,http://kitoha.jp/,正会員
株式会社knowledge Act,大阪府,https://www.knowledge-act.co.jp/,準会員
株式会社LegalOn Technologies,東京都,https://legalontech.jp/,正会員
株式会社LIFE CREATE,北海道,https://be-lifecreate.com/,正会員
株式会社LIFRELL,東京都,https://lifrell.co.jp/,準会員
株式会社LITORY,東京都,https://litory.jp/,準会員
株式会社Maas Tech Japan,東京都,https://www.maas.co.jp/,正会員
株式会社Mealthy,埼玉県,https://mealthy.co.jp,正会員
株式会社ＭＭ総研,東京都,https://www.m2ri.jp/,正会員
株式会社ModelingX,富山県,https://modelingx.jp,準会員
株式会社MOVED,東京都,https://www.moved.co.jp/,正会員
株式会社NCP相続センター,東京都,https://www.ncp-law.com/souzokucenter/index.html,正会員
株式会社NDR,東京都,https://www.ndr.ne.jp/,正会員
株式会社Nex-E,島根県,https://www.nex-e.co.jp/,正会員
株式会社NEXT TECHNOLOGY,東京都,https://nexttechnology.jp/,正会員
株式会社ＮＴＴドコモ,東京都,https://www.docomo.ne.jp/,正会員
株式会社ＯＳＫ,東京都,https://www.kk-osk.co.jp/,正会員
株式会社PHONE APPLI,東京都,https://phoneappli.net/,正会員
株式会社PICK,東京都,https://pick-hp.com/,準会員
株式会社Pionero,東京都,https://www.pionero.io/ja/,正会員
株式会社QOLET,東京都,https://qolet.co.jp,準会員
株式会社Ｑｔ,東京都,http://www.q-trust.co.jp/,正会員
株式会社Re-Build,東京都,https://www.re-builds.co.jp/,正会員
株式会社Rehab for JAPAN,東京都,https://rehabforjapan.com/,正会員
株式会社ROBON,東京都,https://www.robon.co.jp/,正会員
株式会社SDキャリアサポート,東京都,,準会員
株式会社SENTAN,東京都,https://www.sentan-tech.com/,正会員
株式会社SEデザイン,東京都,https://www.sedesign.co.jp/,正会員
株式会社SHiRO,東京都,https://kokoshiro.jp/,正会員
株式会社SHP,東京都,https://socialhealth.co.jp,正会員
株式会社Smart Delivery,東京都,https://smart-delivery.jp,正会員
株式会社SNSソフト,東京都,https://www.snssoft.co.jp,正会員
株式会社SoLabo,東京都,https://so-labo.co.jp/,正会員
株式会社ＳＰ　ＥＸＰＥＲＴ’Ｓ,東京都,https://www.spexperts.co.jp/,正会員
株式会社ＳＲＡ,東京都,https://www.sra.co.jp/,正会員
株式会社STAAAGE,東京都,https://www.nodastage.com,準会員
株式会社STVテック,東京都,https://www.stv-tech.co.jp/,正会員
株式会社SUPER STUDIO,東京都,https://super-studio.jp,正会員
株式会社TBTソリューションズ,神奈川県,https://tbt-s.jp/,正会員
株式会社TDA,東京都,https://www.tda-corp.co.jp/,準会員
株式会社TIME MACHINE,東京都,https://schecon.com/article/,準会員
株式会社TKC,栃木県,https://www.tkc.jp/,正会員
株式会社toraru,大阪府,http://toraru.co.jp/,正会員
株式会社ＴＲＡＤＥＣＲＥＡＴＥ,東京都,http://www.tradecreate.com/,正会員
株式会社TREASURY,東京都,https://treasury.jp/,正会員
株式会社Trive,東京都,https://www.triveinc.com,正会員
株式会社USTAGE,神奈川県,https://www.ustage.net/,正会員
株式会社Willings,東京都,https://willings.co.jp,正会員
株式会社Works Human Intelligence,東京都,https://www.works-hi.co.jp,正会員
株式会社yellow Tail,東京都,https://www.dialog-inc.com/top/business/it_solution_service/yellow_tail/,準会員
株式会社Yメディカル,東京都,,正会員
株式会社Zene,東京都,https://www.zene.co.jp/,正会員
株式会社ZenmuTech,東京都,https://zenmutech.com/,正会員
株式会社アーキテクト・ワンズ,大阪府,http://www.archt1.co.jp/,正会員
株式会社アークシステム,東京都,http://www.arksys.co.jp,正会員
株式会社アート・システム,宮城県,https://www.art-sys.co.jp/,正会員
株式会社アールワークス,東京都,https://www.rworks.jp/,正会員
株式会社アイ・オー・データ機器,石川県,https://www.iodata.jp/,正会員
株式会社アイ・ピー・エル,神奈川県,https://www.ipl-soft.co.jp/,正会員
株式会社アイ・ラーニング,東京都,https://www.i-learning.jp,正会員
株式会社アイ・ロボティクス,東京都,https://irobotics.jp/,正会員
株式会社アイキューブ,東京都,http://www.icubenet.co.jp/,正会員
株式会社アイサイト,愛媛県,https://www.i-site.co.jp/,正会員
株式会社アイソルート,東京都,https://www.isoroot.jp/,正会員
株式会社アイティーシー,東京都,https://www.itc-tokyo.com/,正会員
株式会社アヴァンザ,東京都,https://www.avnz.co.jp/,正会員
株式会社アヴァンテ,東京都,https://www.aventer.net/,正会員
株式会社アウトソーシングテクノロジー,東京都,https://www.ostechnology.co.jp/,正会員
株式会社アクティス,東京都,https://www.actis.co.jp/,正会員
株式会社アクロフロンティア,東京都,https://acro-frontier.com/,正会員
株式会社アジャイルウェア,大阪府,https://agileware.jp/,正会員
株式会社アシュアード,東京都,https://www.visional.inc/ja/assured.html,正会員
株式会社アスターリンク,三重県,https://www.aster-link.co.jp/,準会員
株式会社アット東京,東京都,https://www.attokyo.co.jp/,正会員
株式会社アドイン研究所,東京都,https://www.adin.co.jp/,正会員
株式会社アドスマート,東京都,https://www.addsmart.co.jp/,正会員
株式会社あどばる,東京都,https://www.adval.jp/,正会員
株式会社アバントグループ,東京都,https://www.avantgroup.com,正会員
株式会社アマダナスポーツエンタテインメント,東京都,https://www.amadana-se.com/,準会員
株式会社アリストル,東京都,https://aristol.jp/,準会員
株式会社アルメディア・ソリューションズ,大阪府,,正会員
株式会社アレクシード,三重県,https://www.allexceed.co.jp/,正会員
株式会社アントアント,京都府,https://ant2oem.net/,正会員
株式会社イーグリッド,島根県,https://www.e-grid.co.jp/,正会員
株式会社イージスネット,愛知県,https://www.aegis.ne.jp/,正会員
株式会社イオレ,東京都,https://www.eole.co.jp/,正会員
株式会社イデアル,東京都,https://www.ideal-ltd.jp/,正会員
株式会社イノシード,東京都,https://www.innoxeed.co.jp/,正会員
株式会社インサイト,東京都,https://www.insight-inc.biz/,正会員
株式会社インターコム,東京都,https://www.intercom.co.jp/,正会員
株式会社インターコムR&Dセンター,千葉県,https://www.intercom-rdc.co.jp/,正会員
株式会社インターフュージョン・コンサルティング,東京都,https://www.interfusion.jp/,正会員
株式会社インテリジェント ウェイブ,東京都,https://www.iwi.co.jp/,正会員
株式会社インフォテック・サーブ,東京都,https://www.infotech-s.co.jp/,正会員
株式会社インフォボックス,東京都,https://corp.info-box.jp/,正会員
株式会社インプレス,東京都,https://www.impress.co.jp/,正会員
株式会社ヴァル研究所,東京都,https://www.val.co.jp/,正会員
株式会社ウィライツ,東京都,https://welights.jp/,正会員
株式会社ウェザーニューズ,千葉県,https://jp.weathernews.com/,正会員
株式会社ウェッブアイ,東京都,http://www.webi.co.jp,正会員
株式会社ウェブインパクト,東京都,https://www.webimpact.co.jp/,正会員
株式会社ウェルキッズ,東京都,https://www.wel-kids.co.jp/,正会員
株式会社ウエンズ,東京都,https://wends.co.jp/,正会員
株式会社ウォーカー,東京都,https://www.walker.co.jp/,正会員
株式会社ウチダ人材開発センタ,東京都,https://www.uhd.co.jp/,正会員
株式会社エーアイスピリッツ,東京都,https://aispirits.com/,正会員
株式会社エージェント・インシュアランス・グループ,東京都,https://a-gent.co.jp/,正会員
株式会社エーティーワークス,富山県,https://www.atworks.co.jp/,正会員
株式会社エイトレッド,東京都,https://www.atled.jp/,正会員
株式会社エイワット,大阪府,https://eiwat.co.jp/,正会員
株式会社エクスト,大阪府,https://www.ext.ne.jp/,正会員
株式会社エクセルシア,東京都,http://www.excelsior.co.jp/,正会員
株式会社エコ・ドルフィンズ,青森県,,準会員
株式会社エスアイ・システム,北海道,http://www.si-system.jp,正会員
株式会社エスアイイー,東京都,https://sie.co.jp/,正会員
株式会社エスペシャリィ,東京都,https://especially.co.jp,正会員
株式会社エッジコネクト,東京都,https://edge-con.co.jp/,正会員
株式会社エヌ・ティ・ティエムイー,東京都,https://www.ntt-me.co.jp/,正会員
株式会社エルテス,東京都,https://eltes.co.jp/,正会員
株式会社エンジーニアス,東京都,https://engenius.co.jp/,準会員
株式会社エンジニアリングサムライ,兵庫県,https://www.engineering-samurai.com/,準会員
株式会社オークシステムソリューションズ,神奈川県,http://oakss.co.jp/,正会員
株式会社オーシーシー,沖縄県,https://www.occ.co.jp,正会員
株式会社オービックビジネスコンサルタント,東京都,https://www.obc.co.jp/,正会員
株式会社オープンウェーブ,神奈川県,http://www.openwave.co.jp/,正会員
株式会社オープンストリーム,東京都,https://www.opst.co.jp,正会員
株式会社オプティム,東京都,http://www.optim.co.jp/,正会員
株式会社オルツ,東京都,https://alt.ai/,正会員
株式会社オレンジリンクス,埼玉県,http://orangelinks.co.jp/,正会員
株式会社カオス,東京都,http://www.caos-a.co.jp/,正会員
株式会社ガバメイツ,愛媛県,https://govmates.jp/,正会員
株式会社カラダノート,東京都,https://corp.karadanote.jp/,正会員
株式会社ギガテック,東京都,https://www.giga-tech.co.jp/,正会員
株式会社ギガプライズ,東京都,https://www.gigaprize.co.jp/,正会員
株式会社キッズウェイ,愛知県,https://www.kids-way.ne.jp/,正会員
株式会社ギフト,東京都,https://www.gift-inc.co.jp/,正会員
株式会社キャップインフォ,岡山県,http://www.capinfo.co.jp/,正会員
株式会社キャリアブリッジ,東京都,https://careerbridge.jp/,正会員
株式会社グーフ,東京都,https://www.goof.buzz/,正会員
株式会社グッドニュース,大阪府,https://www.goodnews.biz/,正会員
株式会社クマヒラ,東京都,https://www.kumahira.co.jp/,正会員
株式会社グリーンキャット,東京都,http://www.greencat.co.jp/,正会員
株式会社クリエイション,大阪府,https://www.creation-j.com/,正会員
株式会社クリエイティブバンク,東京都,https://www.creativebank.co.jp/,正会員
株式会社グルーヴィーメディア,東京都,https://www.groovymedia.jp/,準会員
株式会社クレアンスメアード,東京都,https://www.creansmaerd.co.jp/,正会員
株式会社クレオ,東京都,https://www.creo.co.jp/,正会員
株式会社グロースデータ,東京都,https://growthdata.co.jp/,正会員
株式会社グローバルジャパンネットワーク,東京都,https://gjnetwork.jp/,正会員
株式会社グローバルワイズ,愛知県,https://www.g-wise.co.jp/,正会員
株式会社グローブテイルズ,東京都,https://globetails.jp/,正会員
株式会社グローブネットシステム,佐賀県,https://www.globenetsys.co.jp/,正会員
株式会社クロスパワー,東京都,http://www.x-power.co.jp/,正会員
株式会社クロスリンク,東京都,https://crossrink.co.jp/,正会員
株式会社ケーイーシー,東京都,https://www.kec-sp.com/,正会員
株式会社コーエーテクモホールディングス,神奈川県,https://www.koeitecmo.co.jp/,正会員
株式会社コアシンク,東京都,https://www.coresync.co.jp/,正会員
株式会社コウェル,東京都,https://www.co-well.jp/,正会員
株式会社ココスペース,大阪府,http://cocospace.com/,正会員
株式会社コスダック,茨城県,http://www.cosdac.co.jp/,正会員
株式会社コスモ・コンピューティングシステム,東京都,https://cosmocomputing.co.jp/,正会員
株式会社コネクティル,東京都,https://connectill.co.jp,正会員
株式会社コプロシステム,東京都,http://www.coprosystem.co.jp/,正会員
株式会社コラボスタイル,愛知県,https://corp.collabo-style.co.jp/,正会員
株式会社サードウェーブ,東京都,http://info.twave.co.jp/,特別賛助会員
株式会社サートプロ,東京都,https://www.certpro.jp/,正会員
株式会社サイエンスアーツ,東京都,https://www.science-arts.com,正会員
株式会社サイズ,東京都,http://www.x-yz.co.jp/,正会員
株式会社サイダス,東京都,https://www.cydas.com/,正会員
株式会社サイドクロス,神奈川県,https://www.side-cross.com,準会員
株式会社サベックス,東京都,https://www.sapex.co.jp/,準会員
株式会社サン・フレア,東京都,https://www.sunflare.com/,正会員
株式会社サンコスモ,新潟県,https://sancosmo.jp/,正会員
株式会社サンデーアーツ,東京都,https://www.sunday-ja.com/,正会員
株式会社サンテック,東京都,http://www.santec.biz/,正会員
株式会社サンライズ,東京都,https://sunrise-corp.co.jp/,正会員
株式会社シー・アイ・エス,東京都,http://www.c-i-s.jp/,正会員
株式会社シー・エヌ・エス,東京都,https://www.cnsinc.jp/,正会員
株式会社シー・シー・ダブル,東京都,https://www.ccw.co.jp/,正会員
株式会社シードソリューションズ,東京都,https://www.seedsolutions.co.jp/,正会員
株式会社ジーニー,東京都,https://geniee.co.jp/,正会員
株式会社ジーニアスエイト,東京都,https://www.genius-8.co.jp/,正会員
株式会社ジーネクスト,東京都,http://www.gnext.co.jp/,正会員
株式会社シービーラボ,東京都,https://www.cblab.jp/,正会員
株式会社ジーンステイト,東京都,https://genestate.co.jp/,正会員
株式会社シイエヌエス,東京都,http://www.cns.co.jp/,正会員
株式会社ジェイ・マックス,栃木県,https://www.jmaxinc.com/,正会員
株式会社ジェイジェイエスプラス,北海道,https://jjsplus.co.jp/,正会員
株式会社シグ,東京都,https://www.sig-inc.com,正会員
株式会社システム・プロデュース,東京都,http://www.produce.co.jp,正会員
株式会社システムエグゼ,東京都,https://www.system-exe.co.jp/,正会員
株式会社システムクエスト,東京都,http://www.s-quest.co.jp,正会員
株式会社システムコンサルタント,東京都,https://www.ksc.co.jp/,正会員
株式会社システムシンク,東京都,http://www.s-think.co.jp/,正会員
株式会社システムズナカシマ,岡山県,https://www.systems.nakashima.co.jp/,正会員
株式会社システムディ,京都府,https://www.systemd.co.jp/,正会員
株式会社シティ・プランニング,東京都,http://www.cplan.co.jp/,正会員
株式会社シビルソフト開発,東京都,http://www.civil.co.jp/,正会員
株式会社ジラフ計画,千葉県,,正会員
株式会社シンクスバンク,東京都,https://www.thinkethbank.co.jp/,正会員
株式会社シンクライアント総合研究所,東京都,http://www.tcri.jp,正会員
株式会社シンプレックス,神奈川県,http://www.simplex-soft.com/,正会員
株式会社シンメトリア,東京都,http://www.symmetria.co.jp,正会員
株式会社シンメトリクス,東京都,https://symmetrix.co.jp/,正会員
株式会社スカイエージネクスト,東京都,https://www.skyage.co.jp/,準会員
株式会社ストライク,東京都,https://www.strike.co.jp/,正会員
株式会社ストラテジーテック・コンサルティング,東京都,https://www.strategy-tec.com/,正会員
株式会社ストラテジット,東京都,https://www.strategit.jp,正会員
株式会社スプラッシュ,東京都,https://splash.jp/,正会員
株式会社スマレジ,大阪府,https://corp.smaregi.jp/,正会員
株式会社セゾンテクノロジー,東京都,https://www.saison-technology.com/,正会員
株式会社セック,東京都,https://www.sec.co.jp/,正会員
株式会社セブン＆アイ・ネットメディア,東京都,https://www.7andinm.co.jp/,正会員
株式会社セントジェームズアソシエイツ,東京都,,正会員
株式会社ソフィア・システム・サービス,東京都,https://www.sssv.co.jp/,正会員
株式会社ソフエル,東京都,https://www.sofel.co.jp,正会員
株式会社ソフトクリエイトホールディングス,東京都,https://www.softcreate-holdings.co.jp/,正会員
株式会社ソリューション・アンド・テクノロジー,東京都,https://www.solty.co.jp/,正会員
株式会社ダイナックス,東京都,http://www.dynax.co.jp,正会員
株式会社タイミー,東京都,https://timee.co.jp/,正会員
株式会社たのえん,埼玉県,https://www.sieps.site/,準会員
株式会社チェプロ,東京都,http://www.chepro.co.jp/,正会員
株式会社チラシレポート,東京都,https://www.chirashi.co.jp/,正会員
株式会社ツクリテ,東京都,https://www.tkrite.com/,正会員
株式会社データロジック,山口県,http://www.datalogic.co.jp/,正会員
株式会社ティ・エス・サービス,東京都,,正会員
株式会社ディジタル,東京都,https://www.digital-corp.co.jp,正会員
株式会社テクノス秋田,秋田県,http://www.tks-akita.co.jp/,正会員
株式会社デザイン・クリエィション,東京都,https://www.dcrea.co.jp/,正会員
株式会社デジタルグローバルシステムズ,東京都,https://www.dgs-j.com/,正会員
株式会社デジタルファクター,東京都,http://www.digitalfactor.co.jp/,正会員
株式会社デジック,北海道,https://www.dgic.co.jp/,正会員
株式会社テンダ,東京都,https://www.tenda.co.jp/,正会員
株式会社とめ研究所,京都府,https://www.tome.jp,正会員
株式会社ドライビングフォース,東京都,https://www.drivingforce.co.jp/,正会員
株式会社ドリームソリューション,東京都,https://solutionds1.co.jp/,準会員
株式会社ドリームパイプライン,東京都,https://dreampipeline.com/,正会員
株式会社ドリームファクトリーワールドワイド,東京都,https://www.dfww.jp/,正会員
株式会社ドリームプランニング,神奈川県,https://dream-plan.com,正会員
株式会社トリプルアイズ,東京都,https://www.3-ize.jp/,正会員
株式会社トレセン,東京都,https://tresen.co.jp,正会員
株式会社トレンドソフト,東京都,http://www.tsoft.co.jp/,非会員
株式会社ナイモノ,東京都,https://naimono.co.jp/,正会員
株式会社ナノオプト・メディア,東京都,http://www.f2ff.jp/,正会員
株式会社ネクストスケープ,東京都,https://www.nextscape.net/,正会員
株式会社ネクストビジョン,広島県,https://www.nextvision.co.jp/,正会員
株式会社ネットウイズ,埼玉県,https://www.netwith.jp/,正会員
株式会社ネットショップ支援室,東京都,https://netshop-pro.jp/,正会員
株式会社バーズ情報科学研究所,東京都,http://www.birds.co.jp/,正会員
株式会社パーソナルデザイン,東京都,http://www.pdn.jp/,正会員
株式会社バイトルヒクマ,東京都,https://bai.co.jp/,正会員
株式会社パスカリア,東京都,https://www.pascalia.co.jp/,正会員
株式会社バッファロー,愛知県,https://www.buffalo.jp/,正会員
株式会社バリューソフトウエア,東京都,https://www.valuenet.co.jp/,正会員
株式会社パルソラ,東京都,https://www.parsola.com/,正会員
株式会社ピーエスシー,東京都,https://www.psc-inc.co.jp/,正会員
株式会社ビジコン・ジャパン,神奈川県,https://jbca.co.jp/,正会員
株式会社ビナヤマト,東京都,https://www.vinayamato.com,正会員
株式会社ヒューアップテクノロジー,東京都,https://www.huapp.co.jp,正会員
株式会社ヒューマンキャピタル研究所,東京都,https://hci-inc.co.jp/,正会員
株式会社ヒューマンテクノロジーズ,東京都,,正会員
株式会社ファイン,大阪府,https://www.fine-d.co.jp/,正会員
株式会社ファインドゲート,東京都,https://www.findgate.co.jp/,正会員
株式会社フォーカスシステムズ,東京都,https://www.focus-s.com/,正会員
株式会社フォーサイト,東京都,https://www.fsight-inc.co.jp/index.html,正会員
株式会社フォーラムエイト,東京都,http://www.forum8.co.jp/,正会員
株式会社フォスターネット,東京都,https://foster-net.co.jp/,正会員
株式会社フォトハイウェイ・ジャパン,東京都,https://gbnavi.jp/,正会員
株式会社フォトロン,東京都,http://www.photron.co.jp/,正会員
株式会社フトゥーロ,神奈川県,http://co226.jp,正会員
株式会社プライムインフォ,東京都,https://primeinfo.co.jp/,正会員
株式会社プラザ・イー,東京都,https://www.plaza-e.co.jp,正会員
株式会社プラスバリュー,東京都,https://plusv.jp/,正会員
株式会社ブレーンバディ,東京都,https://brainbuddy.co.jp/,正会員
株式会社プレミアムアーツ,東京都,http://www.premiumartsinc.wix.com/pai001,正会員
株式会社ブロードバンドセキュリティ,東京都,https://www.bbsec.co.jp/,正会員
株式会社プログデンス,東京都,https://www.progdence.co.jp/,正会員
株式会社プロシップ,東京都,http://www.proship.co.jp/,正会員
株式会社プロズプラス,東京都,https://prozplus.jp,正会員
株式会社プロモーション,東京都,https://promotion.co.jp/,正会員
株式会社ベンチャーエージェント,大阪府,https://www.venture-agent.com/,準会員
株式会社ホープクリエイト,神奈川県,http://www.hcc-net.co.jp/,正会員
株式会社ボールド,東京都,http://www.bold.ne.jp/,正会員
株式会社ポリフレクト,東京都,https://www.poliflect.co.jp/,正会員
株式会社マイクロメイツ,東京都,https://www.micromates.co.jp/,正会員
株式会社マイナビEdge,東京都,https://www.mynavi-edge.jp/,試験会場会員
株式会社マイネットシステム,長野県,https://www.mynet-system.co.jp/,正会員
株式会社ミクロスソフトウエア,神奈川県,http://www.micros.co.jp/,正会員
株式会社ミック,千葉県,https://www.mic.jp/,正会員
株式会社ミックウェアオートモーティブ,兵庫県,https://micware.co.jp/ja/group/automotive/,正会員
株式会社ミップス,東京都,http://www.go-mips.co.jp/index.html,正会員
株式会社ミモザ情報システム,京都府,https://www.mimosa.co.jp/,正会員
株式会社ミラ,東京都,https://www.madebymira.com/,正会員
株式会社ミライル,東京都,https://miraillu.co.jp/,正会員
株式会社ミロク情報サービス,東京都,https://www.mjs.co.jp/,正会員
株式会社メディアシーク,東京都,https://www.mediaseek.co.jp/,正会員
株式会社メディアミックス,東京都,https://www.mediamix.inc/,正会員
株式会社メドミライ,東京都,https://www.medmirai.co.jp/,正会員
株式会社モンスター・ラボ,東京都,https://monstar-lab.com/monstarlab-jp-profile/,正会員
株式会社ユーコム,岡山県,https://www.youcom.co.jp/,正会員
株式会社ユニリタ,東京都,https://www.unirita.co.jp/,正会員
株式会社ユニリタプラス,大阪府,http://www.uniritaplus.co.jp/,正会員
株式会社ユラスコア,東京都,https://www.yurascore.co.jp/,正会員
株式会社ライズ・マーケティング・ジャパン,北海道,,正会員
株式会社ライトウェブ,東京都,https://lightweb.co.jp/,正会員
株式会社ライトコード,福岡県,https://rightcode.co.jp/,準会員
株式会社ライフアカデミア,神奈川県,https://life-academia.co.jp/,準会員
株式会社ラキール,東京都,https://www.lakeel.com/,正会員
株式会社ラック,東京都,https://www.lac.co.jp,正会員
株式会社ラネクシー,東京都,https://www.runexy.co.jp/,正会員
株式会社ラピート,岡山県,http://www.rapiit.com/,正会員
株式会社ラボル,東京都,https://labol.co.jp/corp/,準会員
株式会社リアルソリューションズ,神奈川県,http://www.realsolutions.co.jp/,正会員
株式会社リコー,東京都,https://www.ricoh.co.jp/,正会員
株式会社リトルソフトウェア,東京都,https://www.littlesoftware.jp/,正会員
株式会社リファクト,東京都,https://www.refact.co.jp/,正会員
株式会社リフカム,東京都,https://about.refcome.com/,準会員
株式会社リボルブ・シス,東京都,https://www.revolvesys.co.jp/,正会員
株式会社リボルブ沖縄,沖縄県,https://www.revolveok.co.jp/,正会員
株式会社リメディア,東京都,http://www.remedia.co.jp/,正会員
株式会社リンクス,東京都,http://links-system.co.jp/,正会員
株式会社リンクスタッフ,東京都,https://www.linkstaff.co.jp/,正会員
株式会社ルートプロ,長野県,http://rootpro.jp/,正会員
株式会社ルリアン,東京都,https://le-lien.co.jp/,正会員
株式会社ロジックベイン,神奈川県,https://www.lvi.co.jp/,正会員
株式会社ロックトゥーン,東京都,https://www.rocktoon.co.jp/,準会員
株式会社ワークスアプリケーションズ,東京都,https://www.worksap.co.jp/,正会員
株式会社ワークスアプリケーションズ・フロンティア,東京都,https://www.worksap.co.jp/frontier/,正会員
株式会社ワークスビジネスサービス,東京都,,正会員
株式会社ワイズ・マーケティング,東京都,http://www.ymktg.com,正会員
株式会社ワコム,東京都,https://www.wacom.com/ja-jp,正会員
株式会社三宅,広島県,https://miyake-sec.com/,正会員
株式会社井口一世,埼玉県,http://www.iguchi.ne.jp/,正会員
株式会社八雲ソフトウェア,島根県,https://8clouds.co.jp/,正会員
株式会社内田洋行,東京都,https://www.uchida.co.jp/,正会員
株式会社医歯薬ネット,東京都,https://www.ishiyaku-net.jp/,正会員
株式会社国和システム,東京都,https://www.kokuwa.co.jp/,正会員
株式会社大和コンピューター,大阪府,https://www.daiwa-computer.co.jp/jp/,正会員
株式会社大塚商会,東京都,https://www.otsuka-shokai.co.jp/,正会員
株式会社富士通ラーニングメディア,神奈川県,https://jp.fujitsu.com/group/flm/,正会員
株式会社富士通ラーニングメディア・スタッフ,東京都,https://www.fujitsu.com/jp/group/flm/flms/,正会員
株式会社富士通ラーニングメディア沖縄,沖縄県,https://www.fujitsu.com/jp/group/flm/flmo/,正会員
株式会社小林労務,東京都,https://www.kobayashiroumu.jp/,準会員
株式会社川崎技術研究所,愛知県,https://kawasaki-tech.co.jp/,準会員
株式会社建設ドットウェブ,石川県,https://www.kendweb.net/,正会員
株式会社情報処理システム研究所,東京都,http://www.infsys.co.jp/,正会員
株式会社情報技術センター,東京都,https://www.itc-net.co.jp/,正会員
株式会社想隆社,東京都,https://soryu-sha.jp/,正会員
株式会社新進商会,東京都,https://www.ssnet.co.jp/,正会員
株式会社日本システムデザイン,東京都,http://www.ns-design.jp/,正会員
株式会社日本システムブレーンズ,東京都,http://www.nsb.jp/,正会員
株式会社日本シャルフ,東京都,http://www.shalf.jp,正会員
株式会社日本ソフトウェアブレイン,京都府,https://nsbrain.co.jp/,準会員
株式会社未来研究所,神奈川県,https://www.future-research.jp/,正会員
株式会社本間システム,千葉県,,正会員
株式会社栗菱コンピューターズ,大阪府,https://ritsuryo.co.jp/,正会員
株式会社楽堂,東京都,https://www.rakudou.co.jp,正会員
株式会社横河技術情報,東京都,https://www.yti.co.jp/,正会員
株式会社正栄設計事務所,東京都,http://www.shoei-sekkei.co.jp/,正会員
株式会社理経,東京都,http://www.rikei.co.jp,正会員
株式会社社会情報サービス,東京都,https://www.ssri.com/,正会員
株式会社神戸デジタル・ラボ,兵庫県,https://www.kdl.co.jp/,正会員
株式会社算法,東京都,https://www.rna.co.jp,正会員
株式会社豆蔵,東京都,https://www.mamezou.com,正会員
株式会社豆蔵K2TOPホールディングス,東京都,https://www.mzk2.com/,正会員
株式会社鈴木商店,大阪府,https://www.suzukishouten.co.jp,正会員
株式会社鉄飛テクノロジー,神奈川県,https://www.teppi.com/,正会員
沖縄県　名護市,沖縄県,http://www.city.nago.okinawa.jp/index.html,行政会員
河村電器産業株式会社,愛知県,https://www.kawamura.co.jp/,正会員
特定非営利活動法人ITコーディネータ協会,東京都,https://www.itc.or.jp,一般賛助会員
特定非営利活動法人ITスキル研究フォーラム,東京都,https://www.isrf.jp,一般賛助会員
特定非営利活動法人エルピーアイジャパン,東京都,https://lpi.or.jp/,正会員
特定非営利活動法人エンパワメントかながわ,神奈川県,https://npo-ek.org/,準会員
特定非営利活動法人日本ネットワークセキュリティ協会,東京都,https://www.jnsa.org/,一般賛助会員
特定非営利活動法人日本情報技術取引所,東京都,https://www.jiet.or.jp/,一般賛助会員
白潟総合研究所株式会社,東京都,https://www.ssoken.co.jp/,正会員
石渡電気株式会社,東京都,http://www.idknet.co.jp,正会員
石田データサービス株式会社,広島県,http://idsnet.co.jp,正会員
社会システム株式会社,東京都,http://www.crp.co.jp/,正会員
社会保険労務士山田事務所,石川県,https://www.sryamada.jp,正会員
社会保険労務士池田事務所,東京都,http://www.ikeda-office.jp/,正会員
社会保険労務士法人ASTRIZE,秋田県,,正会員
社会保険労務士法人FORROU,愛知県,https://forrou-sr.jp,正会員
社会保険労務士法人ステディ,東京都,https://steady-sr.com/,準会員
社会保険労務士法人ヒューマン・プライム,東京都,https://www.humanprime.co.jp,正会員
社会福祉法人プロップ・ステーション,兵庫県,https://www.prop.or.jp/,一般賛助会員
福井コンピュータホールディングス株式会社,福井県,https://www.fukuicompu.co.jp/,正会員
秀峰システム株式会社,東京都,http://www.syuhou.co.jp/,正会員
税理士大矢隆啓事務所,東京都,,正会員
税理士法人プログレス,東京都,https://prgss.jp/,正会員
税理士齋藤康之事務所,東京都,http://www.zei-saito.com/,正会員
紀尾井町戦略研究所株式会社,東京都,https://ksi-corp.jp/,正会員
統合医療アール研究所株式会社,東京都,,正会員
辻・本郷ＩＴコンサルティング株式会社,東京都,https://ht-itc.jp/,正会員
野村證券株式会社,東京都,http://www.nomura.co.jp/,一般賛助会員
長城コンサルティング株式会社,東京都,http://www.chojo.co.jp/,正会員
長野県　長野市,長野県,https://www.city.nagano.nagano.jp/,行政会員
関東ＩＴソフトウェア健康保険組合,東京都,https://www.its-kenpo.or.jp/,一般賛助会員
関西エアポートオペレーションサービス株式会社,大阪府,http://www.ops.kansai-airports.co.jp/,正会員
静岡県　袋井市,静岡県,http://www.city.fukuroi.shizuoka.jp/,行政会員
首都圏ソフトウェア協同組合,東京都,http://www.syutoken.or.jp/,正会員
